{
    "attribute": [
        {
            "name": "PO",
            "type":"text",
            "tag":"input",
            "action": "",
            "class": "",
            "label": "Purchase Order",
            "parentDiv" : "col1",
            "disable" : true
        },
        {
            "name": "Quantity",
            "type":"text",
            "tag":"input",
            "action": "",
            "class": "",
            "label": "Quantity",
            "parentDiv" : "col2",
            "disable" : true
        },
        {
            "name": "Item",
            "type":"text",
            "tag":"input",
            "action": "",
            "class": "",
            "label": "Item",
            "parentDiv" : "col1",
            "disable" : true
        },
        {
            "name": "Orderdate",
            "type":"text",
            "tag":"input",
            "action": "",
            "class": "",
            "label": "Order Date",
            "parentDiv" : "col2",
            "disable" : true
        },
        {
            "name": "Deliverydate",
            "type":"text",
            "tag":"input",
            "action": "",
            "class": "",
            "label": "Delivery Date",
            "parentDiv" : "col1",
            "disable" : true
        },
        {
            "name": "Deliveryaddress",
            "type":"text",
            "tag":"input",
            "action": "",
            "class": "",
            "label": "Delivery Address",
            "parentDiv" : "col2",
            "disable" : true
        },
        {
            "name": "Manufacturer",
            "type":"text",
            "tag":"input",
            "action": "",
            "class": "",
            "label": "Manufacturer",
            "parentDiv" : "col1",
            "disable" : true
        },
        {
            "name": "Submit",
            "type":"button",
            "tag":"button",
            "action": "createWorkOrder",
            "class": "customButton",
            "label": "Create Work Order",
            "parentDiv" : "col3",
            "disable" : true
        }
        
    ],
    "action" : [
        {
            "name" : "createWorkOrder",
            "url"  : "",
            "nextAction": "postWO",
            "type" : "normal",
            "method" : "",
            "functionBody" : "var args1 =  inputObj.PO.valueBind() ; var args2 = inputObj.Manufacturer.valueBind() ; var args3 = inputObj.Quantity.valueBind() ; var args4 = inputObj.Item.valueBind() ; let obj1 = {}; obj1.channel='batchchannel'; obj1.chaincode= 'pbcc'; obj1.method = 'createWO'; obj1.args = [args1,args2,args3,args4]; console.log('in fucntion updatePOStatus',obj1); return obj1;",
            "parameters" : ["PO","Manufacturer","Quantity","Item"]
        },
        {
            "name" : "postWO",
            "url"  : "http://129.213.21.235:7014/bcsgw/rest/v1/transaction/invocation",
            "nextAction": "decision",
            "type" : "ajax",
            "method" : "POST",
            "functionBody" : "",
            "parameters" : []
        },
        {
            "name" : "decision",
            "url"  : "",
            "nextAction": "",
            "type" : "normal",
            "method" : "",
            "functionBody" : "console.log('Input in Decision', inputObj ); var inObj = inputObj ; console.log('Type of Return Code', typeof(inObj)) ; console.log('Return Code',inObj.returnCode); if(inObj.returnCode === 'Success') { var self = inObj.GlabalVariable.get('self'); self.simpleFunction('updatePOStatus'); } else {alert('Work Order Creation Failed')} ",
            "parameters" : []
        },
        {
            "name" : "updatePOStatus",
            "url"  : "",
            "nextAction": "postUpdatePO",
            "type" : "inProcess",
            "method" : "",
            "functionBody" : "var args1 =  inputObj.PO.valueBind() ; var args2 = 'PO_WO_Created' ; let obj1 = {}; obj1.channel='pochannel'; obj1.chaincode= 'pocc'; obj1.method = 'updatePOStatus'; obj1.args = [args1,args2]; console.log('in fucntion updatePOStatus',obj1); return obj1;",
            "parameters" : ["PO"]
        },  
        {
            "name" : "postUpdatePO",
            "url"  : "http://129.213.21.235:7014/bcsgw/rest/v1/transaction/invocation",
            "nextAction": "decision2",
            "type" : "ajax",
            "method" : "POST",
            "functionBody" : "",
            "parameters" : []
        },
        {
            "name" : "decision2",
            "url"  : "",
            "nextAction": "",
            "type" : "normal",
            "method" : "",
            "functionBody" : "console.log('Input in Decision', inputObj ); if(inputObj.returnCode && inputObj.returnCode =='Success') { var self = inputObj.GlabalVariable.get('self'); var currentPage = inputObj.GlabalVariable.get('currentPage'); currentPage.loadData(); currentPage.loadWO() ; $('#ol').hide(); } else {alert('PO Status Updation Failed')} ",
            "parameters" : []
        },
        
        {
            "name" : "load",
            "url"  : "",
            "nextAction": "",
            "type" : "onLoad",
            "method" : "",
            "functionBody" : " console.log('in Load Function', inputObj)  ; var x =  inputObj.GlabalVariable.get('poData') ; inputObj.PO.valueBind(x.Purchase_Order) ; inputObj.Quantity.valueBind(x.Quantity) ; inputObj.Item.valueBind(x.Item) ; inputObj.Orderdate.valueBind(x.Order_Date) ; inputObj.Deliverydate.valueBind(x.Delivery_Date) ; inputObj.Deliveryaddress.valueBind(x.Delivery_Address) ; inputObj.Manufacturer.valueBind(x.Manufacturer) ; var obj = {}; console.log('in fucntion onLoad',inputObj); return obj;",
            "parameters" : ["PO","Quantity","Item","Orderdate","Deliverydate","Deliveryaddress","Manufacturer"]
        }
    ]
}