{
    "attribute": [
        {
            "name": "Invoice_PO",
            "type":"text",
            "tag":"input",
            "action": "",
            "class": "",
            "label": "Purchase Order",
            "parentDiv" : "col5",
            "disable" : true
        },
        {
            "name": "Invoice_Invoice",
            "type":"text",
            "tag":"input",
            "action": "",
            "class": "",
            "label": "Invoice",
            "parentDiv" : "col6",
            "disable" : false
        },
        {
            "name": "Invoice_DispatchDate",
            "type":"date",
            "tag":"date",
            "action": "",
            "class": "",
            "label": "Dispatch Date",
            "parentDiv" : "col5",
            "disable" : false
        },
        {
            "name": "Invoice_Booking",
            "type":"text",
            "tag":"input",
            "action": "",
            "class": "",
            "label": "Booking",
            "parentDiv" : "col6",
            "disable" : true
        },
        {
            "name": "Invoice_Vessel",
            "type":"text",
            "tag":"input",
            "action": "",
            "class": "",
            "label": "Vessel Name",
            "parentDiv" : "col5",
            "disable" : false
        },
        {
            "name": "Invoice_EstimatedDep",
            "type":"date",
            "tag":"date",
            "action": "",
            "class": "",
            "label": "Estimated Departure Date",
            "parentDiv" : "col6",
            "disable" : false
        },
        {
            "name": "Invoice_EstimatedArrival",
            "type":"date",
            "tag":"date",
            "action": "",
            "class": "",
            "label": "Estimated Arrival Date",
            "parentDiv" : "col5",
            "disable" : false
        },
        {
            "name": "Invoice_DispatchPort",
            "type":"text",
            "tag":"input",
            "action": "",
            "class": "",
            "label": "Dispatch Port",
            "parentDiv" : "col6",
            "disable" : false
        },
        {
            "name": "Invoice_ArrivalPort",
            "type":"text",
            "tag":"input",
            "action": "",
            "class": "",
            "label": "Arrival Port",
            "parentDiv" : "col5",
            "disable" : false
        },
        {
            "name": "Invoice_ContainerNumber",
            "type":"text",
            "tag":"input",
            "action": "",
            "class": "",
            "label": "Container Number",
            "parentDiv" : "col6",
            "disable" : false
        },
        {
            "name": "Invoice_SealsNumber",
            "type":"text",
            "tag":"input",
            "action": "",
            "class": "",
            "label": "Seals Number",
            "parentDiv" : "col5",
            "disable" : false
        },
        {
            "name": "Invoice_InvoiceDate",
            "type":"date",
            "tag":"date",
            "action": "",
            "class": "",
            "label": "Invoice Date",
            "parentDiv" : "col6",
            "disable" : false
        },
        {
            "name": "Invoice_Cases",
            "type":"text",
            "tag":"input",
            "action": "",
            "class": "",
            "label": "Cases",
            "parentDiv" : "col5",
            "disable" : false
        },
        {
            "name": "Invoice_Pallets",
            "type":"text",
            "tag":"input",
            "action": "",
            "class": "",
            "label": "Pallets",
            "parentDiv" : "col6",
            "disable" : false
        },
        {
            "name": "Invoice_Pieces",
            "type":"text",
            "tag":"input",
            "action": "",
            "class": "",
            "label": "Pieces",
            "parentDiv" : "col5",
            "disable" : false
        },
        {
            "name": "Invoice_EVOO",
            "type":"text",
            "tag":"input",
            "action": "",
            "class": "",
            "label": "EVOO Oil Net Weight",
            "parentDiv" : "col6",
            "disable" : false
        },
        {
            "name": "Invoice_EVOO1",
            "type":"text",
            "tag":"input",
            "action": "",
            "class": "",
            "label": "EVOO Oil Gross. Net Weight",
            "parentDiv" : "col5",
            "disable" : false
        },
        {
            "name": "Invoice_TotalWeight",
            "type":"text",
            "tag":"input",
            "action": "",
            "class": "",
            "label": "Total Gross. Weight",
            "parentDiv" : "col6",
            "disable" : false
        },
        {
            "name": "Invoice_SellerReg",
            "type":"text",
            "tag":"input",
            "action": "",
            "class": "",
            "label": "Seller FDA Reg.",
            "parentDiv" : "col5",
            "disable" : false
        },
        {
            "name": "Invoice_ManufacturerReg",
            "type":"text",
            "tag":"input",
            "action": "",
            "class": "",
            "label": "Manufacturer FDA Reg",
            "parentDiv" : "col6",
            "disable" : false
        },
        {
            "name": "Invoice_TradeTerms",
            "type":"text",
            "tag":"input",
            "action": "",
            "class": "",
            "label": "Trade Terms",
            "parentDiv" : "col5",
            "disable" : false
        },
        {
            "name": "Invoice_Customer",
            "type":"text",
            "tag":"input",
            "action": "",
            "class": "",
            "label": "Customer",
            "parentDiv" : "col6",
            "disable" : false
        },
        {
            "name": "Invoice_DeliveryAdd",
            "type":"text",
            "tag":"input",
            "action": "",
            "class": "",
            "label": "Delivery Address",
            "parentDiv" : "col5",
            "disable" : false
        },
        {
            "name": "Invoice_Submit",
            "type":"button",
            "tag":"button",
            "action": "createInvoice",
            "class": "customButton",
            "label": "Create Invoice",
            "parentDiv" : "col7",
            "disable" : false
        }
        
    ],
    "action" : [
        {
            "name" : "createInvoice",
            "url"  : "",
            "nextAction": "postInvoice",
            "type" : "normal",
            "method" : "",
            "functionBody" : "var args1 = inputObj.Invoice_Invoice.valueBind() ; var args2 =  inputObj.Invoice_PO.valueBind() ;  var args3 = inputObj.Invoice_DispatchDate.valueBind() ; var args4 = 'confirm' ; var args5 =  inputObj.Invoice_Vessel.valueBind() ; var args6 = inputObj.Invoice_EstimatedDep.valueBind() ; var args7 = inputObj.Invoice_EstimatedArrival.valueBind() ; var args8 = inputObj.Invoice_DispatchPort.valueBind() ; var args9 =  inputObj.Invoice_ArrivalPort.valueBind() ; var args10 = inputObj.Invoice_ContainerNumber.valueBind() ; var args11 = inputObj.Invoice_SealsNumber.valueBind() ; var args12 = inputObj.Invoice_InvoiceDate.valueBind() ; var args13 =  inputObj.Invoice_Cases.valueBind() ; var args14 = inputObj.Invoice_Pallets.valueBind() ; var args15 = inputObj.Invoice_Pieces.valueBind() ; var args16 = inputObj.Invoice_EVOO.valueBind() ; var args17 =  inputObj.Invoice_EVOO1.valueBind() ; var args18 = inputObj.Invoice_TotalWeight.valueBind() ; var args19 = inputObj.Invoice_SellerReg.valueBind() ; var args20 = inputObj.Invoice_ManufacturerReg.valueBind() ; var args21 = inputObj.Invoice_TradeTerms.valueBind() ; var args22 = inputObj.Invoice_Customer.valueBind() ; var args23 = inputObj.Invoice_DeliveryAdd.valueBind() ; var args24 = JSON.stringify(inputObj.GlabalVariable.get('pbList'))  ;  let obj1 = {}; obj1.channel='shipingchannel'; obj1.chaincode= 'invoicecc'; obj1.method = 'createInvoice'; obj1.args = [args1,args2,args3,args4,args5,args6,args7,args8,args9,args10,args11,args12,args13,args14,args15,args16,args17,args18,args19,args20,args21,args22,args23,args24]; console.log('in fucntion updatePOStatus',obj1); return obj1;",
            "parameters" : ["Invoice_PO","Invoice_Invoice","Invoice_DispatchDate","Invoice_Booking","Invoice_Vessel","Invoice_EstimatedDep","Invoice_EstimatedArrival","Invoice_DispatchPort","Invoice_ArrivalPort","Invoice_ContainerNumber","Invoice_SealsNumber","Invoice_InvoiceDate","Invoice_Cases","Invoice_Pallets","Invoice_Pieces","Invoice_EVOO","Invoice_EVOO1","Invoice_TotalWeight","Invoice_SellerReg","Invoice_ManufacturerReg","Invoice_TradeTerms","Invoice_Customer","Invoice_DeliveryAdd"]
        },
        {
            "name" : "postInvoice",
            "url"  : "http://129.213.21.235:7006/bcsgw/rest/v1/transaction/invocation",
            "nextAction": "decisionInvoice",
            "type" : "ajax",
            "method" : "POST",
            "functionBody" : "",
            "parameters" : []
        },
        {
            "name" : "decisionInvoice",
            "url"  : "",
            "nextAction": "",
            "type" : "normal",
            "method" : "",
            "functionBody" : "console.log('Input in Decision', inputObj ); var inObj = inputObj ; console.log('Type of Return Code', typeof(inObj)) ; console.log('Return Code',inObj.returnCode); if(inObj.returnCode === 'Success') { var self = inObj.GlabalVariable.get('self'); self.simpleFunction('updatePOStatusInvoice'); } else {alert('Invoice Creation Failed')} ",
            "parameters" : []
        },
        {
            "name" : "updatePOStatusInvoice",
            "url"  : "",
            "nextAction": "postUpdatePOInvoice",
            "type" : "inProcess",
            "method" : "",
            "functionBody" : "var args1 =  inputObj.Invoice_PO.valueBind() ; var args2 = 'PO_Invoice_Created' ; let obj1 = {}; obj1.channel='pochannel'; obj1.chaincode= 'pocc'; obj1.method = 'updatePOStatus'; obj1.args = [args1,args2]; console.log('in fucntion updatePOStatus',obj1); return obj1;",
            "parameters" : ["Invoice_PO"]
        },  
        {
            "name" : "postUpdatePOInvoice",
            "url"  : "http://129.213.21.235:7014/bcsgw/rest/v1/transaction/invocation",
            "nextAction": "decision2Invoice",
            "type" : "ajax",
            "method" : "POST",
            "functionBody" : "",
            "parameters" : []
        },
        {
            "name" : "decision2Invoice",
            "url"  : "",
            "nextAction": "",
            "type" : "normal",
            "method" : "",
            "functionBody" : "console.log('Input in Decision', inputObj ); if(inputObj.returnCode && inputObj.returnCode =='Success') { var self = inputObj.GlabalVariable.get('self'); var currentPage = inputObj.GlabalVariable.get('currentPage'); currentPage.loadData(); currentPage.loadWO(inputObj.Invoice_PO.valueBind() );  currentPage.loadInvoice(); ; $('#ol1').hide(); } else {alert('PO Status Updation Failed after Invoice Creation')} ",
            "parameters" : ["Invoice_PO"]
        },
        
        {
            "name" : "Invoice_load",
            "url"  : "",
            "nextAction": "",
            "type" : "onLoad",
            "method" : "",
            "functionBody" : " console.log('in Load Function', inputObj)  ; var x =  inputObj.GlabalVariable.get('invoiceData') ; inputObj.Invoice_PO.valueBind(x.Purchase_Order) ; var obj = {}; console.log('in fucntion onLoad',inputObj); return obj;",
            "parameters" : ["Invoice_PO"]
        }
    ]
}