{
    "attribute": [
        {
            "name": "Username",
            "type":"text",
            "tag":"input",
            "style":"width: 100%;",
            "action": "",
            "class": ""
        },
        {
            "name": "Password",
            "type":"password",
            "tag":"input",
            "style":"width: 100%;",
            "action": "",
            "class": ""
        },
        {
            "name": "Submit",
            "type":"button",
            "tag":"button",
            "style":"width: 48%; display:inline; padding: 4px; margin:2px;",
            "action": "login",
            "class": "customButton"
        },
        {
            "name": "Reset",
            "type":"button",
            "tag":"button",
            "style":"width: 48%; display:inline;  padding: 4px;  margin:2px;",
            "action": "reset",
            "class": "customButton"
        }
        
    ],
    "action" : [
        {
            "name" : "loginCall",
            "url"  : "/login",
            "nextAction": "decision",
            "type" : "login",
            "method" : "POST",
            "functionBody" : "",
            "parameters" : []
        },
        {
            "name" : "decision",
            "url"  : "",
            "nextAction": "",
            "type" : "normal",
            "method" : "",
            "functionBody" : "console.log('Input in Decision',inputObj ); if(inputObj.auth === 1) { var self = inputObj.GlabalVariable.get('self'); if(inputObj.role === 'Admin') {self.router.go('DashboardScreen'); } else if (inputObj.role === 'Italia') {self.router.go('ItaliaDashboardScreen');} else if (inputObj.role === 'Savino') {self.router.go('savinoDashboard');}  else if(inputObj.role === 'Olma') {self.router.go('OlmaDashboardScreen')} } else {alert('Please check the username and password')} ",
            "parameters" : []
        },
        {
            "name" : "login",
            "url"  : "",
            "nextAction": "loginCall",
            "type" : "normal",
            "method" : "",
            "functionBody" : "var x =  inputObj.Username.valueBind() ; var y = inputObj.Password.valueBind() ; var obj = {}; obj.user= x; obj.password= y; console.log('in fucntion login',obj); return obj;",
            "parameters" : ["Username","Password"]
        },
        
        {
            "name" : "reset",
            "url"  : "",
            "nextAction": "",
            "type" : "normal",
            "method" : "",
            "functionBody" : "inputObj.Username.valueBind('') ; inputObj.Password.valueBind('') ; var obj = {};  console.log('in fucntion Reset',inputObj); return obj;",
            "parameters" : ["Username","Password"]
        },
        {
            "name" : "load",
            "url"  : "",
            "nextAction": "",
            "type" : "onLoad",
            "method" : "",
            "functionBody" : " console.log('in Load Function', inputObj)  ; var x =  inputObj.GlabalVariable.get('userName') ; inputObj.Username.valueBind(x) ; var obj = {}; console.log('in fucntion onLoad',inputObj); return obj;",
            "parameters" : ["Username"]
        }
    ]
}