{
    "attribute": [
        {
            "name": "PO1",
            "type":"text",
            "tag":"input",
            "action": "",
            "class": "",
            "label": "Purchase Order",
            "parentDiv" : "col4",
            "disable" : true
        },
        
        {
            "name": "Manufacturer1",
            "type":"text",
            "tag":"input",
            "action": "",
            "class": "",
            "label": "Manufacturer",
            "parentDiv" : "col5",
            "disable" : true
        },
        {
            "name": "Item1",
            "type":"text",
            "tag":"input",
            "action": "",
            "class": "",
            "label": "Item",
            "parentDiv" : "col4",
            "disable" : true
        },
        
        {
            "name": "Quantity1",
            "type":"text",
            "tag":"input",
            "action": "",
            "class": "",
            "label": "Quantity",
            "parentDiv" : "col5",
            "disable" : true
        },
        {
            "name": "Submit1",
            "type":"button",
            "tag":"button",
            "action": "startProd",
            "class": "customButton",
            "label": "Start Production",
            "parentDiv" : "col6",
            "disable" : false
        }
        
    ],
    "action" : [
        {
            "name" : "startProd",
            "url"  : "",
            "nextAction": "postStartProd",
            "type" : "normal",
            "method" : "",
            "functionBody" : "var args1 =  inputObj.PO1.valueBind() ; var args2 = 'WO_Production_Started' ; let obj1 = {}; obj1.channel='batchchannel'; obj1.chaincode= 'pbcc'; obj1.method = 'updateWOStatus'; obj1.args = [args1,args2]; console.log('in fucntion updatePOStatus',obj1); return obj1;",
            "parameters" : ["PO1"]
        },
        {
            "name" : "postStartProd",
            "url"  : "http://129.213.21.235:7014/bcsgw/rest/v1/transaction/invocation",
            "nextAction": "postStartProd_decision",
            "type" : "ajax",
            "method" : "POST",
            "functionBody" : "",
            "parameters" : []
        },
        {
            "name" : "postStartProd_decision",
            "url"  : "",
            "nextAction": "",
            "type" : "normal",
            "method" : "",
            "functionBody" : "console.log('Input in Decision', inputObj ); var inObj = inputObj ; console.log('Type of Return Code', typeof(inObj)) ; console.log('Return Code',inObj.returnCode); if(inObj.returnCode === 'Success') { var currentPage = inObj.GlabalVariable.get('currentPage');  currentPage.loadWO();  $('#ol1').hide(); } else {alert('Start Production Failed')} ",
            "parameters" : []
        },
              
        {
            "name" : "postStartProd_load",
            "url"  : "",
            "nextAction": "",
            "type" : "onLoad",
            "method" : "",
            "functionBody" : " console.log('in Load Function', inputObj)  ; var x =  inputObj.GlabalVariable.get('woData') ; inputObj.PO1.valueBind(x.Purchase_Order) ; inputObj.Manufacturer1.valueBind(x.Manufacturer) ; inputObj.Item1.valueBind(x.Item) ; inputObj.Quantity1.valueBind(x.Quantity) ; var obj = {}; console.log('in fucntion onLoad',inputObj); return obj;",
            "parameters" : ["PO1","Manufacturer1","Item1","Quantity1"]
        }
    ]
}