{
    "attribute": [
        {
            "name": "Item",
            "type":"text",
            "tag":"input",
            "action": "",
            "class": "",
            "label": "Item",
            "parentDiv" : "col1",
            "disable" : true
        },
        {
            "name": "UPC_Label",
            "type":"text",
            "tag":"input",
            "action": "",
            "class": "",
            "label": "UPC Label",
            "parentDiv" : "col2",
            "disable" : false
        },
        {
            "name": "PO",
            "type":"text",
            "tag":"input",
            "action": "",
            "class": "",
            "label": "Purchase Order",
            "parentDiv" : "col1",
            "disable" : true
        },
        {
            "name": "Quantity",
            "type":"text",
            "tag":"input",
            "action": "",
            "class": "",
            "label": "Quantity",
            "parentDiv" : "col2",
            "disable" : true
        },
        {
            "name": "Selling_Unit",
            "type":"text",
            "tag":"input",
            "action": "",
            "class": "",
            "label": "Selling Unit",
            "parentDiv" : "col1",
            "disable" : false
        },
        {
            "name": "Production_Date",
            "type":"date",
            "tag":"date",
            "action": "",
            "class": "",
            "label": "Production Date",
            "parentDiv" : "col2",
            "disable" : false
        },
        {
            "name": "Expire_Date",
            "type":"date",
            "tag":"date",
            "action": "",
            "class": "",
            "label": "Expire Date",
            "parentDiv" : "col1",
            "disable" : false
        },
        {
            "name": "Lot_Number",
            "type":"text",
            "tag":"input",
            "action": "",
            "class": "",
            "label": "Lot Number",
            "parentDiv" : "col2",
            "disable" : false
        },
        {
            "name": "Blend_Number",
            "type":"text",
            "tag":"input",
            "action": "",
            "class": "",
            "label": "Blend Number",
            "parentDiv" : "col1",
            "disable" : false
        },
        {
            "name": "Manufacturer",
            "type":"text",
            "tag":"input",
            "action": "",
            "class": "",
            "label": "Manufacturer",
            "parentDiv" : "col2",
            "disable" : true
        },
        {
            "name": "Product_Code",
            "type":"text",
            "tag":"input",
            "action": "",
            "class": "",
            "label": "Product Code",
            "parentDiv" : "col7",
            "disable" : false
        },
        {
            "name": "TQuantity",
            "type":"text",
            "tag":"input",
            "action": "",
            "class": "",
            "label": "Quantity",
            "parentDiv" : "col8",
            "disable" : false
        },
        {
            "name": "Fruity",
            "type":"text",
            "tag":"input",
            "action": "",
            "class": "",
            "label": "Fruity",
            "parentDiv" : "col9",
            "disable" : false
        },
        {
            "name": "Bitter",
            "type":"text",
            "tag":"input",
            "action": "",
            "class": "",
            "label": "Bitter",
            "parentDiv" : "col10",
            "disable" : false
        },
        {
            "name": "Spicy",
            "type":"text",
            "tag":"input",
            "action": "",
            "class": "",
            "label": "Spicy",
            "parentDiv" : "col9",
            "disable" : false
        },
        {
            "name": "Vote",
            "type":"text",
            "tag":"input",
            "action": "",
            "class": "",
            "label": "Vote",
            "parentDiv" : "col10",
            "disable" : false
        },
        {
            "name": "Submit",
            "type":"button",
            "tag":"button",
            "action": "createPB",
            "class": "customButton",
            "label": "Create Production Lot",
            "parentDiv" : "col3",
            "disable" : false
        }
        
    ],
    "action" : [
        {
            "name" : "createPB",
            "url"  : "",
            "nextAction": "postPB",
            "type" : "normal",
            "method" : "",
            "functionBody" : "var args1 =  inputObj.Item.valueBind() ; var args2 = inputObj.UPC_Label.valueBind() ; var args3 =  inputObj.PO.valueBind() ; var args4 = inputObj.Quantity.valueBind() ; var args5 =  inputObj.Selling_Unit.valueBind() ; var args6 = inputObj.Production_Date.valueBind() ; var args7 =  inputObj.Expire_Date.valueBind() ; var args8 = inputObj.Lot_Number.valueBind() ; var args9 =  inputObj.Blend_Number.valueBind() ; var args10 = inputObj.Manufacturer.valueBind() ; var args11 =  inputObj.Product_Code.valueBind() ; var args12 = inputObj.TQuantity.valueBind() ; var args13 =  inputObj.Fruity.valueBind() ; var args14 = inputObj.Bitter.valueBind() ; var args15 =  inputObj.Spicy.valueBind() ; var args16 = inputObj.Vote.valueBind() ; let obj1 = {}; obj1.channel='batchchannel'; obj1.chaincode= 'pbcc'; obj1.method = 'createProductionBatch'; obj1.args = [args1,args2,args3,args4,args5,args6,args7,args8,args9,args10,args11,args12,args13,args14,args15,args16]; console.log('in fucntion createPB',obj1); return obj1;",
            "parameters" : ["Item","UPC_Label","PO","Quantity","Selling_Unit","Production_Date","Expire_Date","Lot_Number","Blend_Number","Manufacturer","Product_Code","TQuantity","Fruity","Bitter","Spicy","Vote"]
        },
        {
            "name" : "postPB",
            "url"  : "http://129.213.21.235:7014/bcsgw/rest/v1/transaction/invocation",
            "nextAction": "decision",
            "type" : "ajax",
            "method" : "POST",
            "functionBody" : "",
            "parameters" : []
        },
        
        {
            "name" : "decision",
            "url"  : "",
            "nextAction": "",
            "type" : "normal",
            "method" : "",
            "functionBody" : "console.log('Input in Decision', inputObj ); if(inputObj.returnCode && inputObj.returnCode =='Success') { var self = inputObj.GlabalVariable.get('self'); var currentPage = inputObj.GlabalVariable.get('currentPage'); currentPage.loadWO(); currentPage.loadPBData() ; $('#ol2').hide(); } else {alert('Lot Creation Failed')} ",
            "parameters" : []
        },
        
        {
            "name" : "load",
            "url"  : "",
            "nextAction": "",
            "type" : "onLoad",
            "method" : "",
            "functionBody" : " console.log('in Load Function', inputObj)  ; var x =  inputObj.GlabalVariable.get('pbData') ; inputObj.PO.valueBind(x.Purchase_Order) ; inputObj.Item.valueBind(x.Item) ; inputObj.Manufacturer.valueBind(x.Manufacturer) ; inputObj.Quantity.valueBind(x.Quantity) ; var obj = {}; console.log('in fucntion onLoad',inputObj); return obj;",
            "parameters" : ["Item","PO","Manufacturer","Quantity"]
        }
    ]
}