{
    "attribute": [
        {
            "name": "PO",
            "type":"text",
            "tag":"input",
            "action": "",
            "class": "",
            "label": "Purchase Order",
            "parentDiv" : "col1",
            "disable" : false
        },
        {
            "name": "Quantity",
            "type":"text",
            "tag":"input",
            "action": "",
            "class": "",
            "label": "Quantity",
            "parentDiv" : "col2",
            "disable" : false
        },
        {
            "name": "Item",
            "type":"text",
            "tag":"input",
            "action": "",
            "class": "",
            "label": "Item",
            "parentDiv" : "col1",
            "disable" : false
        },
        {
            "name": "Orderdate",
            "type":"date",
            "tag":"date",
            "action": "",
            "class": "",
            "label": "Order Date",
            "parentDiv" : "col2",
            "disable" : false
        },
        {
            "name": "Deliverydate",
            "type":"date",
            "tag":"date",
            "action": "",
            "class": "",
            "label": "Delivery Date",
            "parentDiv" : "col1",
            "disable" : false
        },
        {
            "name": "Deliveryaddress",
            "type":"text",
            "tag":"input",
            "action": "",
            "class": "",
            "label": "Delivery Address",
            "parentDiv" : "col2",
            "disable" : false
        },
        {
            "name": "Manufacturer",
            "type":"text",
            "tag":"input",
            "action": "",
            "class": "",
            "label": "Manufacturer",
            "parentDiv" : "col1",
            "disable" : false
        },
        {
            "name": "Submit",
            "type":"button",
            "tag":"button",
            "action": "objCreation",
            "class": "customButton",
            "label": "Submit",
            "parentDiv" : "col3",
            "disable" : false
        }
        
    ],
    "action" : [
        {
            "name" : "objCreation",
            "url"  : "",
            "nextAction": "createPO",
            "type" : "inProcess",
            "method" : "",
            "functionBody" : "var args1 =  inputObj.PO.valueBind() ; var args2 = inputObj.Quantity.valueBind() ; var args3 =  inputObj.Item.valueBind() ; var args4 = inputObj.Orderdate.valueBind() ;  var args5 =  inputObj.Deliverydate.valueBind() ; var args6 = inputObj.Deliveryaddress.valueBind() ;  var args7 = inputObj.Manufacturer.valueBind() ; let obj1 = {}; obj1.channel='pochannel'; obj1.chaincode= 'pocc'; obj1.method = 'createPO'; obj1.args = [args1,args2,args3,args4,args5,args6,args7]; console.log('in fucntion body',obj1); return obj1;",
            "parameters" : ["PO","Quantity","Item","Orderdate","Deliverydate","Deliveryaddress","Manufacturer"]
        },
        {
            "name" : "createPO",
            "url"  : "http://129.213.21.235:7014/bcsgw/rest/v1/transaction/invocation",
            "nextAction": "decision",
            "type" : "ajax",
            "method" : "POST",
            "functionBody" : "",
            "parameters" : []
        },
        {
            "name" : "decision",
            "url"  : "",
            "nextAction": "",
            "type" : "normal",
            "method" : "",
            "functionBody" : "console.log('Input in Decision', inputObj ); if(inputObj.returnCode && inputObj.returnCode =='Success') { var self = inputObj.GlabalVariable.get('self'); var currentPage = inputObj.GlabalVariable.get('currentPage'); currentPage.loadData();  $('#ol').hide(); } else {alert('PO Creation Failed')} ",
            "parameters" : []
        },
              
        {
            "name" : "load",
            "url"  : "",
            "nextAction": "",
            "type" : "onLoad",
            "method" : "",
            "functionBody" : " console.log('in Load Function', inputObj)  ; var obj = {}; console.log('in fucntion onLoad',inputObj); return obj;",
            "parameters" : []
        }
    ]
}