{
    "returnCode": "Success",
    "result": [
        {
            "transactionKey": {
                "rrn": "1230000002",
                "terminalId": "T0000001",
                "tspId": "HITACHI"
            },
            "transactionLegs": [
                {
                    "sourceBucket": "TSPAUTH",
                    "transactionLegDetail": {
                        "transactionLegKey": {
                            "transactionKey": {
                                "rrn": "1230000002",
                                "terminalId": "T0000001",
                                "tspId": "HITACHI"
                            },
                            "transactionId": "1bd42e71170e0d79c2dc8efd53f4c2716d2c952aff1b111b2bc45fbb8b864b13"
                        },
                        "cardNumber": "123456******0002",
                        "cardType": "CARDTYPE_D",
                        "merchantId": "M00000000001",
                        "instrument": "CR_DR_CARDS",
                        "txnDate": "2018-01-11T11:49:00.000Z",
                        "txnType": "PURCHACE",
                        "txnAmount": {
                            "amountValue": 1369,
                            "currency": "INR"
                        },
                        "messageSystem": "MESSAGESYSTEM_S"
                    },
                    "createdDate": "2018-02-15T06:46:43.790Z",
                    "updatedDate": "1970-01-01T00:00:00.000Z",
                    "transactionStatus": {
                        "authMatch": true,
                        "createdDate": "2018-02-15T06:46:43.790Z",
                        "updatedDate": "2018-02-19T07:54:36.107Z"
                    }
                },
                {
                    "sourceBucket": "CBS",
                    "transactionLegDetail": {
                        "transactionLegKey": {
                            "transactionKey": {
                                "rrn": "1230000002",
                                "terminalId": "T0000001",
                                "tspId": "HITACHI"
                            },
                            "transactionId": "2e766a388f6e7cd2322189ad3dd3e3ec8fcd9242b8778ef0af6a59b04ea6e37f"
                        },
                        "branchCode": "1234",
                        "journalNumber": "12345002",
                        "cardNumber": "123456******0002",
                        "txnDate": "2018-01-11T11:49:00.000Z",
                        "postingDate": "2018-01-11T11:49:00.000Z",
                        "sequenceNumber": "1000002",
                        "fromAccount": "1234564597501",
                        "transactionCode": "10",
                        "txnAmount": {
                            "amountValue": 1369,
                            "currency": "INR"
                        }
                    },
                    "createdDate": "2018-02-15T06:46:44.081Z",
                    "updatedDate": "1970-01-01T00:00:00.000Z",
                    "transactionStatus": {
                        "authMatch": true,
                        "createdDate": "2018-02-15T06:46:44.081Z",
                        "updatedDate": "2018-02-19T07:54:36.107Z"
                    }
                },
                {
                    "sourceBucket": "TSPAUTH",
                    "transactionStatus": {
                        "authMatch": true,
                        "createdDate": "2018-02-15T09:33:30.735Z",
                        "updatedDate": "2018-02-19T07:54:36.107Z"
                    },
                    "transactionLegDetail": {
                        "transactionLegKey": {
                            "transactionKey": {
                                "rrn": "1230000002",
                                "terminalId": "T0000001",
                                "tspId": "HITACHI"
                            },
                            "transactionId": "b87a5e111ac2f13d0658dd81ea282eed910e4919f3c5364a288624c112909090"
                        },
                        "cardNumber": "123456******0002",
                        "cardType": "CARDTYPE_D",
                        "merchantId": "M00000000001",
                        "instrument": "CR_DR_CARDS",
                        "txnDate": "2018-01-11T11:49:00.000Z",
                        "txnType": "PURCHACE",
                        "txnAmount": {
                            "amountValue": 1369,
                            "currency": "INR"
                        },
                        "messageSystem": "MESSAGESYSTEM_S"
                    },
                    "createdDate": "2018-02-15T09:33:30.735Z",
                    "updatedDate": "1970-01-01T00:00:00.000Z"
                },
                {
                    "sourceBucket": "TSPSETTLEMENT",
                    "transactionLegDetail": {
                        "transactionLegKey": {
                            "transactionKey": {
                                "rrn": "1230000002",
                                "terminalId": "T0000001",
                                "tspId": "HITACHI"
                            },
                            "transactionId": "c7e16d210e49957daf4f44a813cd1a23ac11a2666b993be826bcb63646cc1d62"
                        },
                        "cardNumber": "123456******0002",
                        "cardType": "CARDTYPE_D",
                        "merchantId": "M00000000001",
                        "instrument": "CR_DR_CARDS",
                        "txnDate": "0018-01-11T11:49:00.000Z",
                        "txnType": "PURCHACE",
                        "settlementDate": "0018-01-11T11:49:00.000Z",
                        "tspEodDate": "0018-01-11T00:00:00.000Z",
                        "txnAmount": {
                            "amountValue": 1369
                        },
                        "settlementAmounts": {
                            "mdrAmount": {},
                            "surchargeAmount": {},
                            "penaltyMdrAmount": {},
                            "incentiveAmount": {},
                            "cashbackAmount": {},
                            "cashAtPosAmount": {},
                            "cashAtPosSchemeIncentive": {},
                            "rrIncentive": {},
                            "claimMdrAmount": {},
                            "dccAmount": {},
                            "netTxnAmount": {
                                "amountValue": 1369
                            }
                        },
                        "settlementTaxes": {
                            "currentGSTRate": 18,
                            "mdrGST": {},
                            "surchargeGST": {},
                            "penaltyMdrGST": {}
                        },
                        "txnStatus": "SETTLED",
                        "settlementFlag": "N",
                        "paymentGroupingFactor": "MERCHANT_ID",
                        "crType": "TRANSFER",
                        "crAcctNumber": "123456789001",
                        "messageSystem": "MESSAGESYSTEM_S",
                        "merchantPayoutId": "H110120180000002",
                        "requestId": "2"
                    },
                    "createdDate": "2018-02-19T10:53:19.089Z",
                    "updatedDate": "1970-01-01T00:00:00.000Z",
                    "transactionStatus": {
                        "netAmountMatch": true,
                        "createdDate": "2018-02-19T10:53:19.089Z"
                    }
                },
                {
                    "sourceBucket": "PTLF",
                    "transactionLegDetail": {
                        "transactionLegKey": {
                            "transactionKey": {
                                "rrn": "1230000002",
                                "terminalId": "T0000001",
                                "tspId": "HITACHI"
                            },
                            "transactionId": "e1241aac39770fde96e68891a58e80bf84e8523bc3763ebe5ffbfa32b37513bc"
                        },
                        "cardLn": "P001",
                        "cardFiId": "1234",
                        "cardNumber": "123456******0002",
                        "termFiID": "46535",
                        "merchantId": "M00000000001",
                        "txnDate": "2018-01-11T11:49:00.000Z",
                        "ptlfDate": "2018-01-11T00:00:00.000Z",
                        "transactionCode": "10",
                        "fromAccount": "1234564597501",
                        "txnAmount": {
                            "amountValue": 1369,
                            "currency": "INR"
                        }
                    },
                    "createdDate": "2018-02-15T06:46:44.341Z",
                    "updatedDate": "1970-01-01T00:00:00.000Z",
                    "transactionStatus": {
                        "authMatch": true,
                        "createdDate": "2018-02-15T06:46:44.341Z",
                        "updatedDate": "2018-02-19T07:54:36.107Z"
                    }
                },
                {
                    "sourceBucket": "CBS",
                    "transactionStatus": {
                        "authMatch": true,
                        "createdDate": "2018-02-15T09:33:31.223Z",
                        "updatedDate": "2018-02-19T07:54:36.107Z"
                    },
                    "transactionLegDetail": {
                        "transactionLegKey": {
                            "transactionKey": {
                                "rrn": "1230000002",
                                "terminalId": "T0000001",
                                "tspId": "HITACHI"
                            },
                            "transactionId": "e96da35dd681f8cdc1a553ab18b1897b8fd518e7af557d650fefa2b645d575c7"
                        },
                        "branchCode": "1234",
                        "journalNumber": "12345002",
                        "cardNumber": "123456******0002",
                        "txnDate": "2018-01-11T11:49:00.000Z",
                        "postingDate": "2018-01-11T11:49:00.000Z",
                        "sequenceNumber": "1000002",
                        "fromAccount": "1234564597501",
                        "transactionCode": "10",
                        "txnAmount": {
                            "amountValue": 1369,
                            "currency": "INR"
                        }
                    },
                    "createdDate": "2018-02-15T09:33:31.223Z",
                    "updatedDate": "1970-01-01T00:00:00.000Z"
                },
                {
                    "sourceBucket": "PTLF",
                    "transactionLegDetail": {
                        "transactionLegKey": {
                            "transactionKey": {
                                "rrn": "1230000002",
                                "terminalId": "T0000001",
                                "tspId": "HITACHI"
                            },
                            "transactionId": "0d481270b132c8a9ffee9141e90d5c4c9c17a08582c5b88c7ae646c278c07a01"
                        },
                        "cardLn": "P001",
                        "cardFiId": "1234",
                        "cardNumber": "123456******0002",
                        "termFiID": "46535",
                        "merchantId": "M00000000001",
                        "txnDate": "2018-01-11T11:49:00.000Z",
                        "ptlfDate": "2018-01-11T00:00:00.000Z",
                        "transactionCode": "10",
                        "fromAccount": "1234564597501",
                        "txnAmount": {
                            "amountValue": 1369,
                            "currency": "INR"
                        }
                    },
                    "createdDate": "2018-02-15T09:33:31.367Z",
                    "updatedDate": "1970-01-01T00:00:00.000Z",
                    "transactionStatus": {
                        "authMatch": true,
                        "createdDate": "2018-02-15T09:33:31.367Z",
                        "updatedDate": "2018-02-19T07:54:36.107Z"
                    }
                }
            ]
        }
    ],
    "info": null
}